{
  "cli": {
    "version": ">= 5.0.0"
  },
  "build": {
    "development": {
      "developmentClient": true,
      "distribution": "internal",
      "ios": {
        "simulator": true
      }
    },
    "preview": {
      "distribution": "internal",
      "ios": {
        "simulator": false
      }
    },
    "production": {
      "distribution": "store",
      "ios": {
        "resourceClass": "m-medium"
      },
      "android": {
        "buildType": "app-bundle"
      }
    }
  },
  "submit": {
    "production": {
      "ios": {
        "appleId": "YOUR_APPLE_ID@email.com",
        "ascAppId": "YOUR_APP_STORE_CONNECT_APP_ID",
        "appleTeamId": "YOUR_TEAM_ID"
      },
      "android": {
        "serviceAccountKeyPath": "./google-service-account.json",
        "track": "production"
      }
    }
  }
}
